Company : M001272 - GENTING MALAYSIA BERHAD
Account Opening Branch : Wisma Genting
Account No. : 8000552485/FIRST WORLD HOTELS AND RESORTS SDN BHD 8000552485(MYR)
Period : 21-07-2020 - 21-07-2020
Opening Available Balance : 70160.68
Closing Available Balance : 5012.08
Account Number,Record Sequence Number,Transaction Date,Transaction Code,Transaction Code Description,Originating Branch Code,Document Reference Number,Transaction Amount,Transaction Amount Type,Balance,Balance Type,Transaction Time,Customer Reference,Filler,Record Type,Recipient Reference,Other Payment Details,Sender Name
8000552485,3,21072020,0341,"=""TR IBG""",3050,"=""05485308""",69000,D,5012.08,C,192504,"=""GENTING MALAYSIA BER""",,1,"=""8000552485""","=""PayNet Direct Debit""",
8000552485,2,21072020,0141,"=""AUTOPAY CR""",1000,"=""200188""",3741.95,C,74012.08,C,123055,"=""0000001000200188""",,1,"=""000001000200188""","=""MERCHANT SALES PYMT""","=""CIMB BANK CREDIT CAR"""
8000552485,1,21072020,0141,"=""AUTOPAY CR""",1010,"=""200194""",109.45,C,70270.13,C,123055,"=""0000001010200194""",,1,"=""000001010200194""","=""MERCHANT SALES PYMT""","=""CIMB BANK CREDIT CAR"""

